{
    "name": "root",
    "gauges": {
        "FlappyAgent.Policy.Entropy.mean": {
            "value": 0.6931246519088745,
            "min": 0.6931140422821045,
            "max": 0.6931246519088745,
            "count": 2
        },
        "FlappyAgent.Policy.Entropy.sum": {
            "value": 6921.54296875,
            "min": 6921.54296875,
            "max": 7024.017578125,
            "count": 2
        },
        "FlappyAgent.Environment.EpisodeLength.mean": {
            "value": 155.54285714285714,
            "min": 128.04285714285714,
            "max": 155.54285714285714,
            "count": 2
        },
        "FlappyAgent.Environment.EpisodeLength.sum": {
            "value": 10888.0,
            "min": 8963.0,
            "max": 10888.0,
            "count": 2
        },
        "FlappyAgent.Step.mean": {
            "value": 19991.0,
            "min": 9983.0,
            "max": 19991.0,
            "count": 2
        },
        "FlappyAgent.Step.sum": {
            "value": 19991.0,
            "min": 9983.0,
            "max": 19991.0,
            "count": 2
        },
        "FlappyAgent.Policy.ExtrinsicValueEstimate.mean": {
            "value": -0.25333258509635925,
            "min": -0.25333258509635925,
            "max": -0.2458931803703308,
            "count": 2
        },
        "FlappyAgent.Policy.ExtrinsicValueEstimate.sum": {
            "value": -27.35991859436035,
            "min": -27.35991859436035,
            "max": -26.310569763183594,
            "count": 2
        },
        "FlappyAgent.Environment.CumulativeReward.mean": {
            "value": -0.6531205714588434,
            "min": -0.6623956250107806,
            "max": -0.6531205714588434,
            "count": 2
        },
        "FlappyAgent.Environment.CumulativeReward.sum": {
            "value": -46.37156057357788,
            "min": -46.37156057357788,
            "max": -45.705298125743866,
            "count": 2
        },
        "FlappyAgent.Policy.ExtrinsicReward.mean": {
            "value": -0.6531205714588434,
            "min": -0.6623956250107806,
            "max": -0.6531205714588434,
            "count": 2
        },
        "FlappyAgent.Policy.ExtrinsicReward.sum": {
            "value": -46.37156057357788,
            "min": -46.37156057357788,
            "max": -45.705298125743866,
            "count": 2
        },
        "FlappyAgent.IsTraining.mean": {
            "value": 1.0,
            "min": 1.0,
            "max": 1.0,
            "count": 2
        },
        "FlappyAgent.IsTraining.sum": {
            "value": 1.0,
            "min": 1.0,
            "max": 1.0,
            "count": 2
        }
    },
    "metadata": {
        "timer_format_version": "0.1.0",
        "start_time_seconds": "1771717676",
        "python_version": "3.9.13 (tags/v3.9.13:6de2ca5, May 17 2022, 16:36:42) [MSC v.1929 64 bit (AMD64)]",
        "command_line_arguments": "C:\\Users\\mikes\\Documents\\flappy_env\\Scripts\\mlagents-learn config/flappy_config.yaml --run-id=flappy_run --force",
        "mlagents_version": "0.30.0",
        "mlagents_envs_version": "0.30.0",
        "communication_protocol_version": "1.5.0",
        "pytorch_version": "1.13.1+cpu",
        "numpy_version": "1.21.2",
        "end_time_seconds": "1771717722"
    },
    "total": 46.2682407,
    "count": 1,
    "self": 0.003650499999999113,
    "children": {
        "run_training.setup": {
            "total": 0.08305249999999997,
            "count": 1,
            "self": 0.08305249999999997
        },
        "TrainerController.start_learning": {
            "total": 46.1815377,
            "count": 1,
            "self": 0.15155160000019663,
            "children": {
                "TrainerController._reset_env": {
                    "total": 7.5616368000000005,
                    "count": 1,
                    "self": 7.5616368000000005
                },
                "TrainerController.advance": {
                    "total": 38.4054422999998,
                    "count": 10426,
                    "self": 0.12310369999943305,
                    "children": {
                        "env_step": {
                            "total": 34.82851460000002,
                            "count": 10426,
                            "self": 27.581985099999343,
                            "children": {
                                "SubprocessEnvManager._take_step": {
                                    "total": 7.168108500000502,
                                    "count": 10426,
                                    "self": 0.38556660000052645,
                                    "children": {
                                        "TorchPolicy.evaluate": {
                                            "total": 6.782541899999975,
                                            "count": 10426,
                                            "self": 6.782541899999975
                                        }
                                    }
                                },
                                "workers": {
                                    "total": 0.0784210000001746,
                                    "count": 10425,
                                    "self": 0.0,
                                    "children": {
                                        "worker_root": {
                                            "total": 37.915076899999825,
                                            "count": 10425,
                                            "is_parallel": true,
                                            "self": 17.71378069999975,
                                            "children": {
                                                "steps_from_proto": {
                                                    "total": 0.0003116000000007446,
                                                    "count": 1,
                                                    "is_parallel": true,
                                                    "self": 0.00015820000000044132,
                                                    "children": {
                                                        "_process_rank_one_or_two_observation": {
                                                            "total": 0.0001534000000003033,
                                                            "count": 2,
                                                            "is_parallel": true,
                                                            "self": 0.0001534000000003033
                                                        }
                                                    }
                                                },
                                                "UnityEnvironment.step": {
                                                    "total": 20.200984600000076,
                                                    "count": 10425,
                                                    "is_parallel": true,
                                                    "self": 0.5055708999997108,
                                                    "children": {
                                                        "UnityEnvironment._generate_step_input": {
                                                            "total": 0.476880800000008,
                                                            "count": 10425,
                                                            "is_parallel": true,
                                                            "self": 0.476880800000008
                                                        },
                                                        "communicator.exchange": {
                                                            "total": 17.598824000000338,
                                                            "count": 10425,
                                                            "is_parallel": true,