{"count":1,"self":941.70368,"total":3316.7713627,"children":{"InitializeActuators":{"count":1,"self":0.001005,"total":0.001005,"children":null},"InitializeSensors":{"count":1,"self":0.0010092999999999999,"total":0.0010092999999999999,"children":null},"AgentSendState":{"count":3670852,"self":2.9597224,"total":13.2666206,"children":{"CollectObservations":{"count":734171,"self":2.6261492,"total":2.6261493,"children":null},"WriteActionMask":{"count":734171,"self":0.18405359999999998,"total":0.18405359999999998,"children":null},"RequestDecision":{"count":734171,"self":1.5860478999999998,"total":7.4966953999999992,"children":{"AgentInfo.ToProto":{"count":734171,"self":1.999774,"total":5.9106475,"children":{"GenerateSensorData":{"count":734171,"self":3.9108736,"total":3.9108736,"children":null}}}}}}},"DecideAction":{"count":3670852,"self":2359.0309887999997,"total":2359.0308956,"children":null},"AgentAct":{"count":3670852,"self":2.6748439999999998,"total":2.6748441,"children":null},"AgentInfo.ToProto":{"count":9373,"self":0.0335402,"total":0.0933109,"children":{"GenerateSensorData":{"count":9373,"self":0.059770699999999996,"total":0.059770699999999996,"children":null}}}},"gauges":{"FlappyAgent.CumulativeReward":{"count":9373,"max":10.8626814,"min":-0.72,"runningAverage":3.58231783,"value":-0.0600006,"weightedAverage":3.51265931}},"metadata":{"timer_format_version":"0.1.0","start_time_seconds":"1772164197","unity_version":"6000.3.7f1","command_line_arguments":"C:\\Program Files\\Unity\\Hub\\Editor\\6000.3.7f1\\Editor\\Unity.exe -projectpath C:\\Users\\mikes\\FlappyBird-ML -acceptSoftwareTermsForThisRunOnly -useHub -hubIPC -cloudEnvironment production -licensingIpc LicenseClient-mikes -hubSessionId 1a5e63c3-bfa8-4f57-ab5a-be9c74124f36 -accessToken 8HQM0-MjRz4y__23t4ixoAGX8onuy_XgRXowBU2RAcs004f","communication_protocol_version":"1.5.0","com.unity.ml-agents_version":"2.0.2","scene_name":"SampleScene","end_time_seconds":"1772167514"}}