{"count":1,"self":1010.9725695999999,"total":11063.806727,"children":{"InitializeActuators":{"count":1,"self":0.0022134,"total":0.0022134,"children":null},"InitializeSensors":{"count":1,"self":0,"total":0,"children":null},"AgentSendState":{"count":5994628,"self":7.3072592,"total":34.874797099999995,"children":{"CollectObservations":{"count":1198926,"self":8.356736,"total":8.3567360999999991,"children":null},"WriteActionMask":{"count":1198926,"self":0.76625939999999992,"total":0.76625939999999992,"children":null},"RequestDecision":{"count":1198926,"self":4.0352968,"total":18.444542,"children":{"AgentInfo.ToProto":{"count":1198926,"self":4.9078192,"total":14.409244999999999,"children":{"GenerateSensorData":{"count":1198926,"self":9.5014256,"total":9.5014259,"children":null}}}}}}},"DecideAction":{"count":5994628,"self":10010.9238272,"total":10010.9239609,"children":null},"AgentAct":{"count":5994628,"self":6.9379615999999995,"total":6.9379615999999995,"children":null},"AgentInfo.ToProto":{"count":7427,"self":0.038248399999999995,"total":0.094007399999999991,"children":{"GenerateSensorData":{"count":7427,"self":0.055758999999999996,"total":0.055758999999999996,"children":null}}}},"gauges":{"FlappyAgent.CumulativeReward":{"count":7427,"max":335.895325,"min":-0.972,"runningAverage":4.30992842,"value":45.64215,"weightedAverage":62.6857567}},"metadata":{"timer_format_version":"0.1.0","start_time_seconds":"1776215212","unity_version":"6000.3.7f1","command_line_arguments":"C:\\Program Files\\Unity\\Hub\\Editor\\6000.3.7f1\\Editor\\Unity.exe -projectpath C:\\Users\\mikes\\FlappyBird-ML -acceptSoftwareTermsForThisRunOnly -useHub -hubIPC -cloudEnvironment production -licensingIpc LicenseClient-mikes -hubSessionId 89ad43e0-8864-400f-9ae3-ba57ccd69f5f -accessToken jNlqxtwNukieM7UC4UPvIWT2LbEl-hJi_jZ28pBMrpk004f","communication_protocol_version":"1.5.0","com.unity.ml-agents_version":"2.0.2","scene_name":"SampleScene","end_time_seconds":"1776226276"}}