{"count":1,"self":567.413504,"total":4059.8290598999997,"children":{"InitializeActuators":{"count":1,"self":0.0025118,"total":0.0025118,"children":null},"InitializeSensors":{"count":1,"self":0.0010073999999999999,"total":0.0010073999999999999,"children":null},"AgentSendState":{"count":2500168,"self":2.7326428,"total":13.667834399999998,"children":{"CollectObservations":{"count":500034,"self":3.62045,"total":3.62045,"children":null},"WriteActionMask":{"count":500034,"self":0.2574247,"total":0.2574247,"children":null},"RequestDecision":{"count":500034,"self":1.7214251999999999,"total":7.0573169999999994,"children":{"AgentInfo.ToProto":{"count":500034,"self":1.7148712,"total":5.3358918,"children":{"GenerateSensorData":{"count":500034,"self":3.6210204,"total":3.6210204999999998,"children":null}}}}}}},"DecideAction":{"count":2500168,"self":3475.7705727999996,"total":3475.7703692,"children":null},"AgentAct":{"count":2500168,"self":2.8544853999999997,"total":2.8544853999999997,"children":null},"AgentInfo.ToProto":{"count":8850,"self":0.0463091,"total":0.1173147,"children":{"GenerateSensorData":{"count":8850,"self":0.0710056,"total":0.0710056,"children":null}}}},"gauges":{"FlappyAgent.CumulativeReward":{"count":8850,"max":1000.5874,"min":1.79999948,"runningAverage":27.2635651,"value":97.3863,"weightedAverage":222.481476}},"metadata":{"timer_format_version":"0.1.0","start_time_seconds":"1772501726","unity_version":"6000.3.7f1","command_line_arguments":"C:\\Program Files\\Unity\\Hub\\Editor\\6000.3.7f1\\Editor\\Unity.exe -projectpath C:\\Users\\mikes\\FlappyBird-ML -acceptSoftwareTermsForThisRunOnly -useHub -hubIPC -cloudEnvironment production -licensingIpc LicenseClient-mikes -hubSessionId 672846b6-2875-417e-a21b-30469d34f2fd -accessToken nr0PciC3DLCmZBixcxA12fpybvEGHCKmk3RYYJDZsk0004f","communication_protocol_version":"1.5.0","com.unity.ml-agents_version":"2.0.2","scene_name":"SampleScene","end_time_seconds":"1772505786"}}