{"count":1,"self":494.7209216,"total":5042.1099103,"children":{"InitializeActuators":{"count":1,"self":0.0010130999999999999,"total":0.0010130999999999999,"children":null},"InitializeSensors":{"count":1,"self":0.0010042999999999999,"total":0.0010042999999999999,"children":null},"AgentSendState":{"count":3490627,"self":3.2837623999999996,"total":16.5380513,"children":{"CollectObservations":{"count":698126,"self":4.1694904,"total":4.1694903,"children":null},"WriteActionMask":{"count":698126,"self":0.2865455,"total":0.2865455,"children":null},"RequestDecision":{"count":698126,"self":1.9664952,"total":8.7982531,"children":{"AgentInfo.ToProto":{"count":698126,"self":2.3414091999999997,"total":6.831758,"children":{"GenerateSensorData":{"count":698126,"self":4.4903488,"total":4.4903488,"children":null}}}}}}},"DecideAction":{"count":3490627,"self":4527.2334335999994,"total":4527.2336289999994,"children":null},"AgentAct":{"count":3490627,"self":3.5277119999999997,"total":3.5277122,"children":null},"AgentInfo.ToProto":{"count":6363,"self":0.0239494,"total":0.0860523,"children":{"GenerateSensorData":{"count":6363,"self":0.062102899999999996,"total":0.062102899999999996,"children":null}}}},"gauges":{"FlappyAgent.CumulativeReward":{"count":6363,"max":939.383545,"min":-0.972,"runningAverage":2.33092952,"value":94.3216858,"weightedAverage":252.404785}},"metadata":{"timer_format_version":"0.1.0","start_time_seconds":"1775873068","unity_version":"6000.3.7f1","command_line_arguments":"C:\\Program Files\\Unity\\Hub\\Editor\\6000.3.7f1\\Editor\\Unity.exe -projectpath C:\\Users\\mikes\\FlappyBird-ML -acceptSoftwareTermsForThisRunOnly -useHub -hubIPC -cloudEnvironment production -licensingIpc LicenseClient-mikes -hubSessionId a196af88-6838-4bdf-9fc8-ec29f8653ab7 -accessToken wnuddrCx7si4wJ2mCo45BtIyF-7P-TQfEF5r5uLIv_Q004f","communication_protocol_version":"1.5.0","com.unity.ml-agents_version":"2.0.2","scene_name":"SampleScene","end_time_seconds":"1775878110"}}